INSERT INTO appuser (id, active, email, last_name, name, password) VALUES (1, 1, 'karol@gmail.com', 'pulawski', 'karol', '$2a$10$nzfVsPxxXlyIjwUBz.4lbOb1aTzXRw1NKGxppukU/QOzPIakSJOca');
INSERT INTO appuser (id, active, email, last_name, name, password) VALUES (2, 1, 'karolek@gmail.com', 'karolek', 'karolek', '$2a$10$ELrxPKPemzVt3l2uvWv2Tu/TnMwjeRRZYeQevHBiyJCgy5SsjilH6');
INSERT INTO appuser (id, active, email, last_name, name, password) VALUES (3, 1, 'gosia@gmail.com', 'gosia', 'gosia', '$2a$10$Zdn1hjCC.HXpXOEsVP.QE.jzBUtNxQccI.1ECe2VVQ1L1.eWuZl6y');
INSERT INTO appuser (id, active, email, last_name, name, password) VALUES (4, 1, 'karol1@gmail.com', 'karol1', 'karol1', '$2a$10$Udux0xvJT/1p/KKmCj6F.OhHyrANNSAi583Kf2Bbj0z.TdZbrY5iG');
INSERT INTO appuser (id, active, email, last_name, name, password) VALUES (5, 1, 'karol11@gmail.com', 'karol11', 'karol11', '$2a$10$szFY4pRcDkO4mByYlUg3w.Lwiumdvby74PYuKshrndadXjImDAs0e');
INSERT INTO appuser (id, active, email, last_name, name, password) VALUES (6, 1, 'karol111@gmail.com', 'karol111', 'karol111', '$2a$10$7TIZ5OUDc7mJ/NNTtoOOju0ez9NCJk7JefNLaCV/owxjSyu7Jg1gG');
INSERT INTO appuser (id, active, email, last_name, name, password) VALUES (8, 1, 'karolek11@gmail.com', 'karolek11', 'karolek11', '$2a$10$EsZFGk1QyUcEL3S9moG12uRQRF1y7R/8L7eGEzn2AgtV9WqCzAD9e');
INSERT INTO appuser (id, active, email, last_name, name, password) VALUES (9, 1, 'karolek111@gmail.com', 'karolek111', 'karolek111', '$2a$10$VMYtAiLX4MhLQgWpXlVPYOANBDYLdYxXsQe1WhsTzicgn.Bd2.Z4S');
INSERT INTO appuser (id, active, email, last_name, name, password) VALUES (10, 1, 'gosia11@gmail.com', 'gosia11', 'gosia11', '$2a$10$Gck.vDS8Fn8WV/0d21UFfOQFbh5s/O1QkNPMCHAemI/kDJ0SazVq.');

INSERT INTO role (id, role) VALUES (1, 'ROLE_USER');
INSERT INTO role (id, role) VALUES (2, 'ROLE_ADMIN');

INSERT INTO appuser_role (appuser_id, role_id) VALUES (1,1);
INSERT INTO appuser_role (appuser_id, role_id) VALUES (1,2);
INSERT INTO appuser_role (appuser_id, role_id) VALUES (2,1);
INSERT INTO appuser_role (appuser_id, role_id) VALUES (3,1);
INSERT INTO appuser_role (appuser_id, role_id) VALUES (4,1);
INSERT INTO appuser_role (appuser_id, role_id) VALUES (5,1);
INSERT INTO appuser_role (appuser_id, role_id) VALUES (6,1);
INSERT INTO appuser_role (appuser_id, role_id) VALUES (8,1);
INSERT INTO appuser_role (appuser_id, role_id) VALUES (9,1);
INSERT INTO appuser_role (appuser_id, role_id) VALUES (10,1);

INSERT INTO wallet (id, balance, modified, user_id) VALUES (1, 100, '2019-11-25 21:59:30.037000', 1);
INSERT INTO wallet (id, balance, modified, user_id) VALUES (2, 100, '2019-11-25 21:59:30.037000', 2);
INSERT INTO wallet (id, balance, modified, user_id) VALUES (3, 100, '2019-11-25 21:59:30.037000', 3);
INSERT INTO wallet (id, balance, modified, user_id) VALUES (4, 100, '2019-11-25 21:59:30.037000', 4);
INSERT INTO wallet (id, balance, modified, user_id) VALUES (5, 100, '2019-11-25 21:59:30.037000', 5);
INSERT INTO wallet (id, balance, modified, user_id) VALUES (6, 100, '2019-11-25 21:59:30.037000', 6);
INSERT INTO wallet (id, balance, modified, user_id) VALUES (8, 100, '2019-11-25 21:59:30.037000', 8);
INSERT INTO wallet (id, balance, modified, user_id) VALUES (9, 100, '2019-11-25 21:59:30.037000', 9);
INSERT INTO wallet (id, balance, modified, user_id) VALUES (10, 100, '2019-11-25 21:59:30.037000', 10);

INSERT INTO public.game (id, competition, end_date, game_status, name, result, selection, start_date, unique_id) VALUES (1, 'FA Cup', '2019-11-25 21:57:30.048000', 'COMPLETED', 'Barnsley vs Aston Villa', '{"homeRedCards":"9","homeScores":"1","awayRedCards":"5","awayYellowCards":"1","homeYellowCards":"6","homeOffsides":"1","awayOffsides":"3","awayCorners":"8","homeCorners":"7","awayScores":"3"}', '3.59;6.04;1.26', '2019-11-25 21:52:30.048000', 'f0e6bc0');
INSERT INTO public.game (id, competition, end_date, game_status, name, result, selection, start_date, unique_id) VALUES (2, 'FA Cup', '2019-11-25 21:57:30.048000', 'COMPLETED', 'Manchester United vs Norwich', '{"homeRedCards":"6","homeScores":"6","awayRedCards":"6","awayYellowCards":"9","homeYellowCards":"6","homeOffsides":"4","awayOffsides":"5","awayCorners":"1","homeCorners":"1","awayScores":"8"}', '6.02;6.56;1.64', '2019-11-25 21:52:30.048000', '53ca780');
INSERT INTO public.game (id, competition, end_date, game_status, name, result, selection, start_date, unique_id) VALUES (3, 'FA Cup', '2019-11-25 21:57:30.048000', 'COMPLETED', 'Brentford vs Brighton', '{"homeRedCards":"8","homeScores":"4","awayRedCards":"6","awayYellowCards":"2","homeYellowCards":"1","homeOffsides":"5","awayOffsides":"1","awayCorners":"6","homeCorners":"9","awayScores":"6"}', '1.65;2.76;5.96', '2019-11-25 21:52:30.048000', 'e585d5f');
INSERT INTO public.game (id, competition, end_date, game_status, name, result, selection, start_date, unique_id) VALUES (4, 'FA Cup', '2019-11-25 21:57:30.048000', 'COMPLETED', 'Manchester City vs Arsenal', '{"homeRedCards":"9","homeScores":"9","awayRedCards":"3","awayYellowCards":"4","homeYellowCards":"9","homeOffsides":"7","awayOffsides":"4","awayCorners":"7","homeCorners":"1","awayScores":"8"}', '6.16;5.59;6.17', '2019-11-25 21:52:30.048000', 'f74a41f');
INSERT INTO public.game (id, competition, end_date, game_status, name, result, selection, start_date, unique_id) VALUES (5, 'FA Cup', '2019-11-25 21:57:30.048000', 'COMPLETED', 'Southampton vs Crystal Palace', '{"homeRedCards":"9","homeScores":"7","awayRedCards":"9","awayYellowCards":"1","homeYellowCards":"6","homeOffsides":"3","awayOffsides":"3","awayCorners":"6","homeCorners":"9","awayScores":"5"}', '2.54;4.7;3.76', '2019-11-25 21:52:30.048000', '80ff284');
INSERT INTO public.game (id, competition, end_date, game_status, name, result, selection, start_date, unique_id) VALUES (6, 'FA Cup', '2019-11-25 21:57:30.048000', 'COMPLETED', 'Blackburn vs Everton', '{"homeRedCards":"8","homeScores":"7","awayRedCards":"3","awayYellowCards":"7","homeYellowCards":"6","homeOffsides":"7","awayOffsides":"6","awayCorners":"1","homeCorners":"1","awayScores":"2"}', '5.93;4.75;6.03', '2019-11-25 21:52:30.048000', '62211ae');
INSERT INTO public.game (id, competition, end_date, game_status, name, result, selection, start_date, unique_id) VALUES (7, 'FA Cup', '2019-11-25 21:57:30.048000', 'COMPLETED', 'Fulham vs Sheffield United', '{"homeRedCards":"7","homeScores":"8","awayRedCards":"1","awayYellowCards":"9","homeYellowCards":"9","homeOffsides":"4","awayOffsides":"5","awayCorners":"2","homeCorners":"9","awayScores":"3"}', '1.56;3.72;3.46', '2019-11-25 21:52:30.048000', '8516d1b');
INSERT INTO public.game (id, competition, end_date, game_status, name, result, selection, start_date, unique_id) VALUES (8, 'FA Cup', '2019-11-25 21:57:30.048000', 'COMPLETED', 'Derby vs Chelsea', '{"homeRedCards":"1","homeScores":"8","awayRedCards":"3","awayYellowCards":"3","homeYellowCards":"6","homeOffsides":"7","awayOffsides":"1","awayCorners":"8","homeCorners":"9","awayScores":"2"}', '6.57;6.87;3.71', '2019-11-25 21:52:30.048000', 'cbe14d0');
INSERT INTO public.game (id, competition, end_date, game_status, name, result, selection, start_date, unique_id) VALUES (9, 'FA Cup', '2019-11-25 21:57:30.048000', 'COMPLETED', 'Birmingham vs Liverpool', '{"homeRedCards":"8","homeScores":"3","awayRedCards":"7","awayYellowCards":"6","homeYellowCards":"4","homeOffsides":"5","awayOffsides":"4","awayCorners":"3","homeCorners":"3","awayScores":"9"}', '1.3;5.74;7.15', '2019-11-25 21:52:30.048000', '509ee3f');
INSERT INTO public.game (id, competition, end_date, game_status, name, result, selection, start_date, unique_id) VALUES (10, 'FA Cup', '2019-11-25 21:57:30.048000', 'COMPLETED', 'Tottenham vs Charlton', '{"homeRedCards":"7","homeScores":"4","awayRedCards":"7","awayYellowCards":"1","homeYellowCards":"6","homeOffsides":"6","awayOffsides":"8","awayCorners":"6","homeCorners":"4","awayScores":"3"}', '2.32;5.35;4.4', '2019-11-25 21:52:30.048000', '77223f6');
INSERT INTO public.game (id, competition, end_date, game_status, name, result, selection, start_date, unique_id) VALUES (11, 'FA Cup', '2019-11-25 21:57:30.049000', 'COMPLETED', 'Burnley vs Watford', '{"homeRedCards":"7","homeScores":"1","awayRedCards":"5","awayYellowCards":"6","homeYellowCards":"7","homeOffsides":"3","awayOffsides":"7","awayCorners":"4","homeCorners":"1","awayScores":"3"}', '1.72;3.17;2.65', '2019-11-25 21:52:30.049000', 'fec3130');
INSERT INTO public.game (id, competition, end_date, game_status, name, result, selection, start_date, unique_id) VALUES (12, 'FA Cup', '2019-11-25 21:57:30.049000', 'COMPLETED', 'Bournemouth vs Hull', '{"homeRedCards":"3","homeScores":"2","awayRedCards":"2","awayYellowCards":"1","homeYellowCards":"3","homeOffsides":"3","awayOffsides":"4","awayCorners":"7","homeCorners":"8","awayScores":"1"}', '1.67;7.14;1.65', '2019-11-25 21:52:30.049000', '0b8ba88');
INSERT INTO public.game (id, competition, end_date, game_status, name, result, selection, start_date, unique_id) VALUES (13, 'FA Cup', '2019-11-25 21:57:30.049000', 'COMPLETED', 'Leicester vs Bristol City', '{"homeRedCards":"9","homeScores":"8","awayRedCards":"1","awayYellowCards":"3","homeYellowCards":"4","homeOffsides":"6","awayOffsides":"1","awayCorners":"5","homeCorners":"6","awayScores":"4"}', '3.95;1.75;5.13', '2019-11-25 21:52:30.049000', 'a1d5ea8');
INSERT INTO public.game (id, competition, end_date, game_status, name, result, selection, start_date, unique_id) VALUES (14, 'FA Cup', '2019-11-25 21:57:30.049000', 'COMPLETED', 'Newcastle United vs Leeds', '{"homeRedCards":"2","homeScores":"2","awayRedCards":"4","awayYellowCards":"9","homeYellowCards":"4","homeOffsides":"4","awayOffsides":"3","awayCorners":"6","homeCorners":"7","awayScores":"6"}', '4.79;2.55;1.88', '2019-11-25 21:52:30.049000', '13eafd6');
INSERT INTO public.game (id, competition, end_date, game_status, name, result, selection, start_date, unique_id) VALUES (15, 'FA Cup', '2019-11-25 21:57:30.049000', 'COMPLETED', 'Wolverhampton Wanders vs Huddersfield', '{"homeRedCards":"2","homeScores":"2","awayRedCards":"5","awayYellowCards":"2","homeYellowCards":"1","homeOffsides":"7","awayOffsides":"6","awayCorners":"9","homeCorners":"4","awayScores":"3"}', '5.97;5.34;1.66', '2019-11-25 21:52:30.049000', '1ede97d');
INSERT INTO public.game (id, competition, end_date, game_status, name, result, selection, start_date, unique_id) VALUES (16, 'FA Cup', '2019-11-25 21:57:30.049000', 'COMPLETED', 'Cardiff vs West Ham United', '{"homeRedCards":"5","homeScores":"3","awayRedCards":"1","awayYellowCards":"3","homeYellowCards":"6","homeOffsides":"6","awayOffsides":"9","awayCorners":"8","homeCorners":"6","awayScores":"2"}', '6.76;5.3;3.21', '2019-11-25 21:52:30.049000', '24cdd31');
INSERT INTO public.game (id, competition, end_date, game_status, name, result, selection, start_date, unique_id) VALUES (17, 'FA Cup', '2019-11-25 21:59:30.037000', 'COMPLETED', 'Leeds vs Bournemouth', '{"homeRedCards":"4","homeScores":"6","awayRedCards":"4","awayYellowCards":"3","homeYellowCards":"6","homeOffsides":"2","awayOffsides":"1","awayCorners":"6","homeCorners":"5","awayScores":"2"}', '1.85;6.96;4.99', '2019-11-25 21:54:30.037000', '710349f');
INSERT INTO public.game (id, competition, end_date, game_status, name, result, selection, start_date, unique_id) VALUES (18, 'FA Cup', '2019-11-25 21:59:30.037000', 'COMPLETED', 'Tottenham vs Manchester City', '{"homeRedCards":"9","homeScores":"7","awayRedCards":"8","awayYellowCards":"1","homeYellowCards":"2","homeOffsides":"6","awayOffsides":"5","awayCorners":"1","homeCorners":"2","awayScores":"2"}', '1.89;1.79;2.15', '2019-11-25 21:54:30.037000', 'b5eff1d');
INSERT INTO public.game (id, competition, end_date, game_status, name, result, selection, start_date, unique_id) VALUES (19, 'FA Cup', '2019-11-25 21:59:30.037000', 'COMPLETED', 'Norwich vs Blackburn', '{"homeRedCards":"4","homeScores":"8","awayRedCards":"3","awayYellowCards":"1","homeYellowCards":"3","homeOffsides":"5","awayOffsides":"7","awayCorners":"9","homeCorners":"1","awayScores":"5"}', '1.94;5.08;6.37', '2019-11-25 21:54:30.037000', '5b6dae2');
INSERT INTO public.game (id, competition, end_date, game_status, name, result, selection, start_date, unique_id) VALUES (20, 'FA Cup', '2019-11-25 21:59:30.038000', 'COMPLETED', 'Brighton vs Fulham', '{"homeRedCards":"9","homeScores":"4","awayRedCards":"8","awayYellowCards":"8","homeYellowCards":"8","homeOffsides":"5","awayOffsides":"4","awayCorners":"6","homeCorners":"2","awayScores":"7"}', '2.46;5.29;4.3', '2019-11-25 21:54:30.038000', 'b7e01bb');
INSERT INTO public.game (id, competition, end_date, game_status, name, result, selection, start_date, unique_id) VALUES (21, 'FA Cup', '2019-11-25 21:59:30.038000', 'COMPLETED', 'Watford vs Leicester', '{"homeRedCards":"4","homeScores":"4","awayRedCards":"6","awayYellowCards":"1","homeYellowCards":"4","homeOffsides":"6","awayOffsides":"7","awayCorners":"6","homeCorners":"4","awayScores":"6"}', '6.57;3.7;4.11', '2019-11-25 21:54:30.038000', 'b232111');
INSERT INTO public.game (id, competition, end_date, game_status, name, result, selection, start_date, unique_id) VALUES (22, 'FA Cup', '2019-11-25 21:59:30.038000', 'COMPLETED', 'Cardiff vs Derby', '{"homeRedCards":"6","homeScores":"3","awayRedCards":"2","awayYellowCards":"2","homeYellowCards":"2","homeOffsides":"8","awayOffsides":"1","awayCorners":"5","homeCorners":"8","awayScores":"4"}', '2.9;4.4;6.15', '2019-11-25 21:54:30.038000', '1b129f0');
INSERT INTO public.game (id, competition, end_date, game_status, name, result, selection, start_date, unique_id) VALUES (23, 'FA Cup', '2019-11-25 21:59:30.038000', 'COMPLETED', 'Liverpool vs Aston Villa', '{"homeRedCards":"5","homeScores":"3","awayRedCards":"5","awayYellowCards":"2","homeYellowCards":"9","homeOffsides":"4","awayOffsides":"2","awayCorners":"8","homeCorners":"8","awayScores":"1"}', '6.95;3.26;2.76', '2019-11-25 21:54:30.038000', 'b68a933');
INSERT INTO public.game (id, competition, end_date, game_status, name, result, selection, start_date, unique_id) VALUES (24, 'FA Cup', '2019-11-25 21:59:30.038000', 'COMPLETED', 'Huddersfield vs Southampton', '{"homeRedCards":"1","homeScores":"1","awayRedCards":"6","awayYellowCards":"8","homeYellowCards":"4","homeOffsides":"2","awayOffsides":"6","awayCorners":"7","homeCorners":"3","awayScores":"8"}', '1.25;3.92;3.05', '2019-11-25 21:54:30.038000', '4efeda6');
INSERT INTO public.game (id, competition, end_date, game_status, name, result, selection, start_date, unique_id) VALUES (25, 'FA Cup', '2019-11-25 22:01:30.022000', 'COMPLETED', 'Leicester vs Leeds', '{"homeRedCards":"4","homeScores":"8","awayRedCards":"1","awayYellowCards":"2","homeYellowCards":"7","homeOffsides":"3","awayOffsides":"7","awayCorners":"3","homeCorners":"3","awayScores":"6"}', '6.96;3.08;3.11', '2019-11-25 21:56:30.022000', '6cca37d');
INSERT INTO public.game (id, competition, end_date, game_status, name, result, selection, start_date, unique_id) VALUES (26, 'FA Cup', '2019-11-25 22:01:30.022000', 'COMPLETED', 'Fulham vs Tottenham', '{"homeRedCards":"3","homeScores":"1","awayRedCards":"1","awayYellowCards":"8","homeYellowCards":"9","homeOffsides":"9","awayOffsides":"6","awayCorners":"4","homeCorners":"8","awayScores":"3"}', '4.41;1.95;2.32', '2019-11-25 21:56:30.022000', '4b73ada');
INSERT INTO public.game (id, competition, end_date, game_status, name, result, selection, start_date, unique_id) VALUES (27, 'FA Cup', '2019-11-25 22:01:30.023000', 'COMPLETED', 'Liverpool vs Norwich', '{"homeRedCards":"1","homeScores":"2","awayRedCards":"2","awayYellowCards":"6","homeYellowCards":"9","homeOffsides":"7","awayOffsides":"2","awayCorners":"2","homeCorners":"9","awayScores":"9"}', '3.4;3.55;5.37', '2019-11-25 21:56:30.022000', '20d4640');
INSERT INTO public.game (id, competition, end_date, game_status, name, result, selection, start_date, unique_id) VALUES (28, 'FA Cup', '2019-11-25 22:01:30.023000', 'COMPLETED', 'Southampton vs Derby', '{"homeRedCards":"6","homeScores":"7","awayRedCards":"4","awayYellowCards":"1","homeYellowCards":"9","homeOffsides":"7","awayOffsides":"1","awayCorners":"5","homeCorners":"1","awayScores":"5"}', '4.88;5.84;3.92', '2019-11-25 21:56:30.023000', '1b870a9');
INSERT INTO public.game (id, competition, end_date, game_status, name, result, selection, start_date, unique_id) VALUES (29, 'FA Cup', '2019-11-25 22:03:30.027000', 'COMPLETED', 'Leicester vs Southampton', '{"homeRedCards":"4","homeScores":"8","awayRedCards":"2","awayYellowCards":"3","homeYellowCards":"7","homeOffsides":"5","awayOffsides":"1","awayCorners":"7","homeCorners":"6","awayScores":"4"}', '4.44;2.16;6.1', '2019-11-25 21:58:30.027000', 'dae61ad');
INSERT INTO public.game (id, competition, end_date, game_status, name, result, selection, start_date, unique_id) VALUES (30, 'FA Cup', '2019-11-25 22:03:30.027000', 'COMPLETED', 'Tottenham vs Norwich', '{"homeRedCards":"6","homeScores":"3","awayRedCards":"7","awayYellowCards":"5","homeYellowCards":"6","homeOffsides":"5","awayOffsides":"2","awayCorners":"9","homeCorners":"1","awayScores":"6"}', '1.9;5.69;6.34', '2019-11-25 21:58:30.027000', '6e14028');


INSERT INTO public.game (id, competition, end_date, game_status, name, result, selection, start_date, unique_id) VALUES (51, 'Premier League', '2019-11-25 22:29:00.034000', 'COMPLETED', 'Manchester City vs Everton', '{"homeRedCards":"6","homeScores":"5","awayRedCards":"6","awayYellowCards":"6","homeYellowCards":"3","homeOffsides":"7","awayOffsides":"9","awayCorners":"7","homeCorners":"7","awayScores":"9"}', '3.26;6.1;2.65', '2019-11-25 22:24:00.034000', '52f0d3d');
INSERT INTO public.game (id, competition, end_date, game_status, name, result, selection, start_date, unique_id) VALUES (52, 'Premier League', '2019-11-25 22:29:00.034000', 'COMPLETED', 'Watford vs Norwich', '{"homeRedCards":"4","homeScores":"3","awayRedCards":"5","awayYellowCards":"2","homeYellowCards":"7","homeOffsides":"4","awayOffsides":"1","awayCorners":"2","homeCorners":"3","awayScores":"3"}', '5.73;2.78;1.41', '2019-11-25 22:24:00.034000', 'ff82c4d');
INSERT INTO public.game (id, competition, end_date, game_status, name, result, selection, start_date, unique_id) VALUES (53, 'Premier League', '2019-11-25 22:29:00.034000', 'COMPLETED', 'Arsenal vs Bournemouth', '{"homeRedCards":"1","homeScores":"1","awayRedCards":"3","awayYellowCards":"4","homeYellowCards":"1","homeOffsides":"1","awayOffsides":"2","awayCorners":"7","homeCorners":"6","awayScores":"2"}', '1.33;6.5;3.21', '2019-11-25 22:24:00.034000', '615c75b');
INSERT INTO public.game (id, competition, end_date, game_status, name, result, selection, start_date, unique_id) VALUES (54, 'Premier League', '2019-11-25 22:29:00.034000', 'COMPLETED', 'Southampton vs Chelsea', '{"homeRedCards":"5","homeScores":"9","awayRedCards":"7","awayYellowCards":"9","homeYellowCards":"4","homeOffsides":"6","awayOffsides":"8","awayCorners":"9","homeCorners":"5","awayScores":"2"}', '4.4;2.59;6.4', '2019-11-25 22:24:00.034000', 'b3ed43a');
INSERT INTO public.game (id, competition, end_date, game_status, name, result, selection, start_date, unique_id) VALUES (55, 'Premier League', '2019-11-25 22:29:00.034000', 'COMPLETED', 'Sheffield United vs Burnley', '{"homeRedCards":"9","homeScores":"4","awayRedCards":"6","awayYellowCards":"2","homeYellowCards":"1","homeOffsides":"8","awayOffsides":"2","awayCorners":"7","homeCorners":"5","awayScores":"3"}', '5.21;4.69;5.17', '2019-11-25 22:24:00.034000', '8f3f6ce');
INSERT INTO public.game (id, competition, end_date, game_status, name, result, selection, start_date, unique_id) VALUES (56, 'Premier League', '2019-11-25 22:29:00.034000', 'COMPLETED', 'Liverpool vs Tottenham', '{"homeRedCards":"6","homeScores":"2","awayRedCards":"5","awayYellowCards":"6","homeYellowCards":"7","homeOffsides":"5","awayOffsides":"1","awayCorners":"1","homeCorners":"7","awayScores":"3"}', '5.33;5.07;7.07', '2019-11-25 22:24:00.034000', '71f0f73');
INSERT INTO public.game (id, competition, end_date, game_status, name, result, selection, start_date, unique_id) VALUES (57, 'Premier League', '2019-11-25 22:29:00.034000', 'COMPLETED', 'Crystal Palace vs Aston Villa', '{"homeRedCards":"1","homeScores":"8","awayRedCards":"8","awayYellowCards":"3","homeYellowCards":"8","homeOffsides":"5","awayOffsides":"7","awayCorners":"3","homeCorners":"2","awayScores":"4"}', '2.36;5.68;5.48', '2019-11-25 22:24:00.034000', '3e44e7b');
INSERT INTO public.game (id, competition, end_date, game_status, name, result, selection, start_date, unique_id) VALUES (58, 'Premier League', '2019-11-25 22:29:00.035000', 'COMPLETED', 'West Ham United vs Manchester United', '{"homeRedCards":"4","homeScores":"8","awayRedCards":"8","awayYellowCards":"6","homeYellowCards":"8","homeOffsides":"4","awayOffsides":"1","awayCorners":"5","homeCorners":"3","awayScores":"9"}', '5.31;5.16;3.75', '2019-11-25 22:24:00.035000', '7fa8920');
INSERT INTO public.game (id, competition, end_date, game_status, name, result, selection, start_date, unique_id) VALUES (59, 'Premier League', '2019-11-25 22:29:00.035000', 'COMPLETED', 'Leicester vs Newcastle United', '{"homeRedCards":"4","homeScores":"6","awayRedCards":"8","awayYellowCards":"5","homeYellowCards":"3","homeOffsides":"4","awayOffsides":"5","awayCorners":"4","homeCorners":"2","awayScores":"2"}', '3.05;4.84;4.1', '2019-11-25 22:24:00.035000', '8c1c3d7');
INSERT INTO public.game (id, competition, end_date, game_status, name, result, selection, start_date, unique_id) VALUES (60, 'Premier League', '2019-11-25 22:29:00.035000', 'COMPLETED', 'Wolverhampton Wanders vs Brighton', '{"homeRedCards":"9","homeScores":"1","awayRedCards":"9","awayYellowCards":"5","homeYellowCards":"8","homeOffsides":"1","awayOffsides":"7","awayCorners":"5","homeCorners":"4","awayScores":"1"}', '2.8;1.22;2.34', '2019-11-25 22:24:00.035000', '2a7fb99');
INSERT INTO public.game (id, competition, end_date, game_status, name, result, selection, start_date, unique_id) VALUES (61, 'Premier League', '2019-11-25 22:31:00.653000', 'COMPLETED', 'Aston Villa vs Newcastle United', '{"homeRedCards":"4","homeScores":"4","awayRedCards":"8","awayYellowCards":"4","homeYellowCards":"9","homeOffsides":"1","awayOffsides":"5","awayCorners":"9","homeCorners":"1","awayScores":"8"}', '2.66;3.42;4.88', '2019-11-25 22:26:00.653000', '9d8cf3e');
INSERT INTO public.game (id, competition, end_date, game_status, name, result, selection, start_date, unique_id) VALUES (62, 'Premier League', '2019-11-25 22:31:00.653000', 'COMPLETED', 'Tottenham vs Manchester United', '{"homeRedCards":"9","homeScores":"3","awayRedCards":"2","awayYellowCards":"6","homeYellowCards":"2","homeOffsides":"8","awayOffsides":"4","awayCorners":"1","homeCorners":"7","awayScores":"7"}', '4.03;6.53;1.5', '2019-11-25 22:26:00.653000', '662b44c');
INSERT INTO public.game (id, competition, end_date, game_status, name, result, selection, start_date, unique_id) VALUES (63, 'Premier League', '2019-11-25 22:31:00.653000', 'COMPLETED', 'Chelsea vs Wolverhampton Wanders', '{"homeRedCards":"4","homeScores":"1","awayRedCards":"8","awayYellowCards":"6","homeYellowCards":"3","homeOffsides":"5","awayOffsides":"5","awayCorners":"3","homeCorners":"2","awayScores":"5"}', '4.9;2.41;3.51', '2019-11-25 22:26:00.653000', 'c8e3caa');
INSERT INTO public.game (id, competition, end_date, game_status, name, result, selection, start_date, unique_id) VALUES (64, 'Premier League', '2019-11-25 22:31:00.653000', 'COMPLETED', 'Crystal Palace vs Leicester', '{"homeRedCards":"3","homeScores":"6","awayRedCards":"5","awayYellowCards":"7","homeYellowCards":"2","homeOffsides":"5","awayOffsides":"6","awayCorners":"9","homeCorners":"2","awayScores":"7"}', '3.34;2.17;4.51', '2019-11-25 22:26:00.653000', '71583a8');
INSERT INTO public.game (id, competition, end_date, game_status, name, result, selection, start_date, unique_id) VALUES (65, 'Premier League', '2019-11-25 22:31:00.653000', 'COMPLETED', 'West Ham United vs Arsenal', '{"homeRedCards":"8","homeScores":"5","awayRedCards":"6","awayYellowCards":"6","homeYellowCards":"9","homeOffsides":"2","awayOffsides":"1","awayCorners":"2","homeCorners":"6","awayScores":"3"}', '5.02;5.4;2.45', '2019-11-25 22:26:00.653000', 'a120f18');
INSERT INTO public.game (id, competition, end_date, game_status, name, result, selection, start_date, unique_id) VALUES (66, 'Premier League', '2019-11-25 22:31:00.653000', 'COMPLETED', 'Everton vs Manchester City', '{"homeRedCards":"5","homeScores":"7","awayRedCards":"1","awayYellowCards":"7","homeYellowCards":"1","homeOffsides":"5","awayOffsides":"6","awayCorners":"7","homeCorners":"2","awayScores":"1"}', '3.75;3.36;4.59', '2019-11-25 22:26:00.653000', '6bc6fea');
INSERT INTO public.game (id, competition, end_date, game_status, name, result, selection, start_date, unique_id) VALUES (67, 'Premier League', '2019-11-25 22:31:00.653000', 'COMPLETED', 'Sheffield United vs Southampton', '{"homeRedCards":"2","homeScores":"9","awayRedCards":"8","awayYellowCards":"8","homeYellowCards":"2","homeOffsides":"9","awayOffsides":"3","awayCorners":"9","homeCorners":"3","awayScores":"3"}', '5.64;2.3;5.18', '2019-11-25 22:26:00.653000', 'bb1d378');
INSERT INTO public.game (id, competition, end_date, game_status, name, result, selection, start_date, unique_id) VALUES (68, 'Premier League', '2019-11-25 22:31:00.653000', 'COMPLETED', 'Norwich vs Watford', '{"homeRedCards":"4","homeScores":"4","awayRedCards":"8","awayYellowCards":"7","homeYellowCards":"2","homeOffsides":"9","awayOffsides":"6","awayCorners":"9","homeCorners":"3","awayScores":"7"}', '1.64;5.13;1.58', '2019-11-25 22:26:00.653000', '8f46726');
INSERT INTO public.game (id, competition, end_date, game_status, name, result, selection, start_date, unique_id) VALUES (69, 'Premier League', '2019-11-25 22:31:00.654000', 'COMPLETED', 'Brighton vs Bournemouth', '{"homeRedCards":"2","homeScores":"1","awayRedCards":"2","awayYellowCards":"1","homeYellowCards":"6","homeOffsides":"1","awayOffsides":"2","awayCorners":"1","homeCorners":"4","awayScores":"1"}', '4.76;1.2;3.26', '2019-11-25 22:26:00.653000', 'f90c27c');
INSERT INTO public.game (id, competition, end_date, game_status, name, result, selection, start_date, unique_id) VALUES (70, 'Premier League', '2019-11-25 22:31:00.654000', 'COMPLETED', 'Liverpool vs Burnley', '{"homeRedCards":"4","homeScores":"8","awayRedCards":"6","awayYellowCards":"1","homeYellowCards":"9","homeOffsides":"1","awayOffsides":"6","awayCorners":"8","homeCorners":"1","awayScores":"3"}', '1.31;1.47;2.27', '2019-11-25 22:26:00.654000', 'b241e0f');
INSERT INTO public.game (id, competition, end_date, game_status, name, result, selection, start_date, unique_id) VALUES (71, 'Premier League', '2019-11-25 22:33:00.039000', 'COMPLETED', 'Manchester United vs Brighton', '{"homeRedCards":"3","homeScores":"7","awayRedCards":"9","awayYellowCards":"2","homeYellowCards":"5","homeOffsides":"1","awayOffsides":"5","awayCorners":"9","homeCorners":"6","awayScores":"1"}', '4.66;6.97;7.11', '2019-11-25 22:28:00.039000', '3f9c264');
INSERT INTO public.game (id, competition, end_date, game_status, name, result, selection, start_date, unique_id) VALUES (72, 'Premier League', '2019-11-25 22:33:00.039000', 'COMPLETED', 'West Ham United vs Tottenham', '{"homeRedCards":"7","homeScores":"1","awayRedCards":"5","awayYellowCards":"6","homeYellowCards":"6","homeOffsides":"2","awayOffsides":"9","awayCorners":"7","homeCorners":"3","awayScores":"7"}', '2.25;6.36;3.13', '2019-11-25 22:28:00.039000', '6b8905f');
INSERT INTO public.game (id, competition, end_date, game_status, name, result, selection, start_date, unique_id) VALUES (73, 'Premier League', '2019-11-25 22:33:00.039000', 'COMPLETED', 'Norwich vs Aston Villa', '{"homeRedCards":"7","homeScores":"8","awayRedCards":"2","awayYellowCards":"4","homeYellowCards":"2","homeOffsides":"9","awayOffsides":"1","awayCorners":"2","homeCorners":"8","awayScores":"8"}', '3.94;3.84;3.06', '2019-11-25 22:28:00.039000', '4fe2cba');
INSERT INTO public.game (id, competition, end_date, game_status, name, result, selection, start_date, unique_id) VALUES (74, 'Premier League', '2019-11-25 22:33:00.039000', 'COMPLETED', 'Manchester City vs Southampton', '{"homeRedCards":"5","homeScores":"4","awayRedCards":"8","awayYellowCards":"2","homeYellowCards":"5","homeOffsides":"4","awayOffsides":"7","awayCorners":"3","homeCorners":"6","awayScores":"5"}', '5.03;4.53;4.47', '2019-11-25 22:28:00.039000', 'bc83789');
INSERT INTO public.game (id, competition, end_date, game_status, name, result, selection, start_date, unique_id) VALUES (75, 'Premier League', '2019-11-25 22:33:00.039000', 'COMPLETED', 'Liverpool vs Bournemouth', '{"homeRedCards":"2","homeScores":"9","awayRedCards":"8","awayYellowCards":"1","homeYellowCards":"5","homeOffsides":"8","awayOffsides":"3","awayCorners":"5","homeCorners":"6","awayScores":"5"}', '6.05;2.13;4.88', '2019-11-25 22:28:00.039000', '80bbf3d');
INSERT INTO public.game (id, competition, end_date, game_status, name, result, selection, start_date, unique_id) VALUES (76, 'Premier League', '2019-11-25 22:33:00.039000', 'COMPLETED', 'Leicester vs Newcastle United', '{"homeRedCards":"6","homeScores":"8","awayRedCards":"3","awayYellowCards":"1","homeYellowCards":"3","homeOffsides":"1","awayOffsides":"9","awayCorners":"7","homeCorners":"7","awayScores":"6"}', '2.4;2.07;3.51', '2019-11-25 22:28:00.039000', '54b8c96');
INSERT INTO public.game (id, competition, end_date, game_status, name, result, selection, start_date, unique_id) VALUES (77, 'Premier League', '2019-11-25 22:33:00.039000', 'COMPLETED', 'Watford vs Burnley', '{"homeRedCards":"3","homeScores":"1","awayRedCards":"7","awayYellowCards":"2","homeYellowCards":"7","homeOffsides":"9","awayOffsides":"2","awayCorners":"4","homeCorners":"6","awayScores":"3"}', '4.29;3.13;6.88', '2019-11-25 22:28:00.039000', '8d12bac');
INSERT INTO public.game (id, competition, end_date, game_status, name, result, selection, start_date, unique_id) VALUES (78, 'Premier League', '2019-11-25 22:33:00.039000', 'COMPLETED', 'Everton vs Chelsea', '{"homeRedCards":"3","homeScores":"2","awayRedCards":"1","awayYellowCards":"9","homeYellowCards":"7","homeOffsides":"7","awayOffsides":"2","awayCorners":"4","homeCorners":"1","awayScores":"1"}', '4.21;3.71;4.84', '2019-11-25 22:28:00.039000', '9b767cc');
INSERT INTO public.game (id, competition, end_date, game_status, name, result, selection, start_date, unique_id) VALUES (79, 'Premier League', '2019-11-25 22:33:00.040000', 'COMPLETED', 'Arsenal vs Crystal Palace', '{"homeRedCards":"9","homeScores":"7","awayRedCards":"3","awayYellowCards":"6","homeYellowCards":"3","homeOffsides":"1","awayOffsides":"7","awayCorners":"9","homeCorners":"5","awayScores":"7"}', '5.18;1.47;4.15', '2019-11-25 22:28:00.040000', '34b73c1');
INSERT INTO public.game (id, competition, end_date, game_status, name, result, selection, start_date, unique_id) VALUES (80, 'Premier League', '2019-11-25 22:33:00.040000', 'COMPLETED', 'Wolverhampton Wanders vs Sheffield United', '{"homeRedCards":"9","homeScores":"2","awayRedCards":"5","awayYellowCards":"8","homeYellowCards":"1","homeOffsides":"7","awayOffsides":"8","awayCorners":"4","homeCorners":"9","awayScores":"8"}', '5.61;1.48;2.71', '2019-11-25 22:28:00.040000', 'f6f2726');


INSERT INTO public.game (id, competition, end_date, game_status, name, result, selection, start_date, unique_id) VALUES (81, 'Premier League', '2019-11-25 22:35:00.019000', 'PREMATCH', 'Southampton vs Norwich', null, '5.69;4.97;2.55', '2019-11-25 22:30:00.019000', '12e65c0');
-- INSERT INTO public.game (id, competition, end_date, game_status, name, result, selection, start_date, unique_id) VALUES (82, 'Premier League', '2019-11-25 22:35:00.019000', 'PREMATCH', 'Everton vs Leicester', null, '4.47;3.26;2.59', '2019-11-25 22:30:00.019000', '5c17f1b');
-- INSERT INTO public.game (id, competition, end_date, game_status, name, result, selection, start_date, unique_id) VALUES (83, 'Premier League', '2019-11-25 22:35:00.020000', 'PREMATCH', 'Brighton vs Watford', null, '3.8;5.19;2.46', '2019-11-25 22:30:00.019000', 'f1f0417');
-- INSERT INTO public.game (id, competition, end_date, game_status, name, result, selection, start_date, unique_id) VALUES (84, 'Premier League', '2019-11-25 22:35:00.020000', 'PREMATCH', 'Chelsea vs Newcastle United', null, '4.63;6.38;1.29', '2019-11-25 22:30:00.020000', '5780828');
-- INSERT INTO public.game (id, competition, end_date, game_status, name, result, selection, start_date, unique_id) VALUES (85, 'Premier League', '2019-11-25 22:35:00.020000', 'PREMATCH', 'Aston Villa vs West Ham United', null, '4.21;6.91;4.6', '2019-11-25 22:30:00.020000', 'fa71bb3');
-- INSERT INTO public.game (id, competition, end_date, game_status, name, result, selection, start_date, unique_id) VALUES (86, 'Premier League', '2019-11-25 22:35:00.020000', 'PREMATCH', 'Wolverhampton Wanders vs Sheffield United', null, '3.37;4.4;6.22', '2019-11-25 22:30:00.020000', 'b3c26d0');
-- INSERT INTO public.game (id, competition, end_date, game_status, name, result, selection, start_date, unique_id) VALUES (87, 'Premier League', '2019-11-25 22:35:00.020000', 'PREMATCH', 'Burnley vs Manchester City', null, '5;6.79;6.63', '2019-11-25 22:30:00.020000', '5613ae8');
-- INSERT INTO public.game (id, competition, end_date, game_status, name, result, selection, start_date, unique_id) VALUES (88, 'Premier League', '2019-11-25 22:35:00.020000', 'PREMATCH', 'Crystal Palace vs Arsenal', null, '4.93;1.47;4.19', '2019-11-25 22:30:00.020000', '8148e6b');
-- INSERT INTO public.game (id, competition, end_date, game_status, name, result, selection, start_date, unique_id) VALUES (89, 'Premier League', '2019-11-25 22:35:00.020000', 'PREMATCH', 'Liverpool vs Manchester United', null, '1.85;5.3;5.63', '2019-11-25 22:30:00.020000', '11ecc7d');
-- INSERT INTO public.game (id, competition, end_date, game_status, name, result, selection, start_date, unique_id) VALUES (90, 'Premier League', '2019-11-25 22:35:00.020000', 'PREMATCH', 'Bournemouth vs Tottenham', null, '6.29;2.36;3.12', '2019-11-25 22:30:00.020000', '97d06ad');
--
-- INSERT INTO public.game (id, competition, end_date, game_status, name, result, selection, start_date, unique_id) VALUES (91, 'Premier League', '2019-11-25 22:37:00.024000', 'PREMATCH', 'Manchester City vs Liverpool', null, '6.56;7.15;2.88', '2019-11-25 22:32:00.024000', 'd745795');
-- INSERT INTO public.game (id, competition, end_date, game_status, name, result, selection, start_date, unique_id) VALUES (92, 'Premier League', '2019-11-25 22:37:00.024000', 'PREMATCH', 'Crystal Palace vs Wolverhampton Wanders', null, '5.55;1.34;6.39', '2019-11-25 22:32:00.024000', '37dcebc');
-- INSERT INTO public.game (id, competition, end_date, game_status, name, result, selection, start_date, unique_id) VALUES (93, 'Premier League', '2019-11-25 22:37:00.024000', 'PREMATCH', 'Norwich vs Burnley', null, '2.65;6.06;3.59', '2019-11-25 22:32:00.024000', 'a8c63ef');
-- INSERT INTO public.game (id, competition, end_date, game_status, name, result, selection, start_date, unique_id) VALUES (94, 'Premier League', '2019-11-25 22:37:00.024000', 'PREMATCH', 'Sheffield United vs Everton', null, '5.06;3.42;1.51', '2019-11-25 22:32:00.024000', 'e7d0a5d');
-- INSERT INTO public.game (id, competition, end_date, game_status, name, result, selection, start_date, unique_id) VALUES (95, 'Premier League', '2019-11-25 22:37:00.024000', 'PREMATCH', 'West Ham United vs Southampton', null, '1.27;4.27;2.01', '2019-11-25 22:32:00.024000', '969ca31');
-- INSERT INTO public.game (id, competition, end_date, game_status, name, result, selection, start_date, unique_id) VALUES (96, 'Premier League', '2019-11-25 22:37:00.025000', 'PREMATCH', 'Tottenham vs Newcastle United', null, '6.87;1.89;3.46', '2019-11-25 22:32:00.024000', 'e7e1606');
-- INSERT INTO public.game (id, competition, end_date, game_status, name, result, selection, start_date, unique_id) VALUES (97, 'Premier League', '2019-11-25 22:37:00.025000', 'PREMATCH', 'Leicester vs Bournemouth', null, '6.16;2.38;2.62', '2019-11-25 22:32:00.025000', 'b60ff74');
-- INSERT INTO public.game (id, competition, end_date, game_status, name, result, selection, start_date, unique_id) VALUES (98, 'Premier League', '2019-11-25 22:37:00.025000', 'PREMATCH', 'Manchester United vs Watford', null, '4;7.14;5.97', '2019-11-25 22:32:00.025000', 'a485cc6');
-- INSERT INTO public.game (id, competition, end_date, game_status, name, result, selection, start_date, unique_id) VALUES (99, 'Premier League', '2019-11-25 22:37:00.025000', 'PREMATCH', 'Chelsea vs Aston Villa', null, '4.77;5.26;3.4', '2019-11-25 22:32:00.025000', '4e2f165');
-- INSERT INTO public.game (id, competition, end_date, game_status, name, result, selection, start_date, unique_id) VALUES (100, 'Premier League', '2019-11-25 22:37:00.025000', 'PREMATCH', 'Brighton vs Arsenal', null, '4.74;5.65;1.56', '2019-11-25 22:32:00.025000', '87ac173');
--
-- INSERT INTO public.game (id, competition, end_date, game_status, name, result, selection, start_date, unique_id) VALUES (31, 'FA Cup', '2019-11-25 22:55:30.047000', 'PREMATCH', 'Wolverhampton Wanders vs Tottenham', null, '1.39;3.83;5.06', '2019-11-25 22:50:30.047000', 'd42477f');
-- INSERT INTO public.game (id, competition, end_date, game_status, name, result, selection, start_date, unique_id) VALUES (32, 'FA Cup', '2019-11-25 22:55:30.047000', 'PREMATCH', 'Newcastle United vs Hull', null, '4.72;4.22;5.19', '2019-11-25 22:50:30.047000', 'b68169c');
-- INSERT INTO public.game (id, competition, end_date, game_status, name, result, selection, start_date, unique_id) VALUES (33, 'FA Cup', '2019-11-25 22:55:30.047000', 'PREMATCH', 'Brighton vs West Ham United', null, '3.05;2.71;4.75', '2019-11-25 22:50:30.047000', 'abd07da');
-- INSERT INTO public.game (id, competition, end_date, game_status, name, result, selection, start_date, unique_id) VALUES (37, 'FA Cup', '2019-11-25 22:55:30.048000', 'PREMATCH', 'Sheffield United vs Barnsley', null, '2.9;1.6;3.44', '2019-11-25 22:50:30.048000', '9f49913');
-- INSERT INTO public.game (id, competition, end_date, game_status, name, result, selection, start_date, unique_id) VALUES (38, 'FA Cup', '2019-11-25 22:55:30.048000', 'PREMATCH', 'Manchester United vs Bournemouth', null, '5.65;2.48;1.65', '2019-11-25 22:50:30.048000', 'cf14a2a');
-- INSERT INTO public.game (id, competition, end_date, game_status, name, result, selection, start_date, unique_id) VALUES (39, 'FA Cup', '2019-11-25 22:55:30.048000', 'PREMATCH', 'Charlton vs Norwich', null, '5.68;2.67;3.4', '2019-11-25 22:50:30.048000', '85802b7');
-- INSERT INTO public.game (id, competition, end_date, game_status, name, result, selection, start_date, unique_id) VALUES (40, 'FA Cup', '2019-11-25 22:55:30.048000', 'PREMATCH', 'Burnley vs Arsenal', null, '5.91;3.5;6.33', '2019-11-25 22:50:30.048000', '803a973');
-- INSERT INTO public.game (id, competition, end_date, game_status, name, result, selection, start_date, unique_id) VALUES (41, 'FA Cup', '2019-11-25 22:55:30.048000', 'PREMATCH', 'Birmingham vs Leeds', null, '3.97;5.68;1.99', '2019-11-25 22:50:30.048000', 'c5509b6');
-- INSERT INTO public.game (id, competition, end_date, game_status, name, result, selection, start_date, unique_id) VALUES (42, 'FA Cup', '2019-11-25 22:55:30.048000', 'PREMATCH', 'Crystal Palace vs Aston Villa', null, '6.5;4;4.15', '2019-11-25 22:50:30.048000', '4eddf10');
-- INSERT INTO public.game (id, competition, end_date, game_status, name, result, selection, start_date, unique_id) VALUES (43, 'FA Cup', '2019-11-25 22:55:30.048000', 'PREMATCH', 'Derby vs Manchester City', null, '3.44;5.32;2.53', '2019-11-25 22:50:30.048000', '8f14217');
-- INSERT INTO public.game (id, competition, end_date, game_status, name, result, selection, start_date, unique_id) VALUES (44, 'FA Cup', '2019-11-25 22:55:30.048000', 'PREMATCH', 'Blackburn vs Cardiff', null, '2.16;2.12;6.17', '2019-11-25 22:50:30.048000', '1455cc8');
-- INSERT INTO public.game (id, competition, end_date, game_status, name, result, selection, start_date, unique_id) VALUES (45, 'FA Cup', '2019-11-25 22:55:30.048000', 'PREMATCH', 'Chelsea vs Huddersfield', null, '5.87;6.19;1.77', '2019-11-25 22:50:30.048000', 'adbafe5');
INSERT INTO public.game (id, competition, end_date, game_status, name, result, selection, start_date, unique_id) VALUES (46, 'FA Cup', '2019-11-25 22:55:30.048000', 'PREMATCH', 'Brentford vs Leicester', null, '1.94;4.86;1.34', '2019-11-25 22:50:30.048000', 'c7c813f');

